BSE Code,company_name,FY,_provenance,board_size,board_independent_count,board_meeting_count,board_avg_attendance_pct,promoter_pledge_pct,rpt_aggregate_inr_crore,audit_fees_inr_crore,contingent_liabilities_inr_crore,board_independence_ratio
542772,360 ONE WAM LIMITED,FY24,ok,,,,,,,0.55,,
542772,360 ONE WAM LIMITED,FY25,ok,,,,,,,0.6,,
542772,360 ONE WAM LIMITED,FY23,ok,,4.0,,,,,1.32,,
523395,3M INDIA LIMITED,FY24,llm_failed: json_decode_error: Unterminated string starting at: line 23 column 26 (char 1015),,,,,,,,,
523395,3M INDIA LIMITED,FY25,ok,,2.0,,,0.0,,1.442,,
523395,3M INDIA LIMITED,FY23,ok,,3.0,,,0.0,,19.1857,,
500002,ABB India Limited,FY23,ok,,,,,,,2.25,,
500002,ABB India Limited,FY25,ok,,,,,,,3.11,,
500002,ABB India Limited,FY24,ok,6.0,3.0,4.0,,,,,,0.5
500410,ACC LIMITED,FY24,ok,,,,,,,,,
500410,ACC LIMITED,FY25,ok,,,,,,,,,
500410,ACC LIMITED,FY23,ok,8.0,4.0,,,,,,1147590000.0,0.5
541450,ADANI GREEN ENERGY LIMITED,FY24,ok,,,,,,,1.0,,
541450,ADANI GREEN ENERGY LIMITED,FY25,ok,,,,,,,1749.0,,
541450,ADANI GREEN ENERGY LIMITED,FY23,ok,,,,,,,,,
533096,ADANI POWER LIMITED,FY25,ok,,,,,,,4.75,,
533096,ADANI POWER LIMITED,FY24,ok,,,,,,,3.8,,
533096,ADANI POWER LIMITED,FY23,ok,6.0,3.0,,,,,178.11,,0.5
543374,ADITYA BIRLA SUN LIFE AMC LIMITED,FY23,ok,10.0,5.0,,,,,0.23,,0.5
543374,ADITYA BIRLA SUN LIFE AMC LIMITED,FY24,ok,9.0,5.0,,,,,0.24,,0.5555555555555556
543374,ADITYA BIRLA SUN LIFE AMC LIMITED,FY25,ok,,5.0,,,,,10.29,,
542752,AFFLE (INDIA) LIMITED,FY24,ok,,,,,,,30.72,,
542752,AFFLE (INDIA) LIMITED,FY25,ok,,,,,,,,,
542752,AFFLE (INDIA) LIMITED,FY23,ok,10.0,4.0,,,,,150.0,,0.4
532683,AIA Engineering Limited,FY23,ok,9.0,5.0,4.0,,,,,,0.5555555555555556
532683,AIA Engineering Limited,FY24,ok,9.0,5.0,5.0,,,,,415.9627,0.5555555555555556
532683,AIA Engineering Limited,FY25,ok,,,,,,,,,
539523,ALKEM LABORATORIES LIMITED,FY23,ok,12.0,5.0,,,0.0,,,,0.4166666666666667
539523,ALKEM LABORATORIES LIMITED,FY25,ok,12.0,6.0,,,,,,,0.5
539523,ALKEM LABORATORIES LIMITED,FY24,ok,12.0,5.0,10.0,,,,,,0.4166666666666667
540902,AMBER ENTERPRISES INDIA LIMITED,FY23,ok,,,,,,,,,
540902,AMBER ENTERPRISES INDIA LIMITED,FY25,ok,,,,,,,,0.4002,
540902,AMBER ENTERPRISES INDIA LIMITED,FY24,ok,,,,,,,,,
500425,AMBUJA CEMENTS LIMITED,FY24,ok,,,,,,,2.1,2473.54,
500425,AMBUJA CEMENTS LIMITED,FY25,ok,,,4.0,,,,2.68,2333.79,
500425,AMBUJA CEMENTS LIMITED,FY23,ok,,,10.0,,,,73.28,,
515055,ANANT RAJ LIMITED,FY23,ok,,,,,,,0.175,38.4964,
515055,ANANT RAJ LIMITED,FY24,"llm_failed: HTTPConnectionPool(host='localhost', port=11434): Read timed out. (read timeout=180)",,,,,,,,,
515055,ANANT RAJ LIMITED,FY25,"llm_failed: HTTPConnectionPool(host='localhost', port=11434): Read timed out. (read timeout=180)",,,,,,,,,
532259,APAR INDUSTRIES LIMITED,FY23,"llm_failed: HTTPConnectionPool(host='localhost', port=11434): Read timed out. (read timeout=180)",,,,,,,,,
532259,APAR INDUSTRIES LIMITED,FY25,ok,6.0,3.0,,,,,17.85,,0.5
532259,APAR INDUSTRIES LIMITED,FY24,ok,,,,,,,0.84,,
508869,APOLLO HOSPITALS ENTERPRISE LIMITED,FY23,ok,,,,,,,,,
508869,APOLLO HOSPITALS ENTERPRISE LIMITED,FY24,ok,,,,,,,,,
508869,APOLLO HOSPITALS ENTERPRISE LIMITED,FY25,ok,,,9.0,,,,,,
532830,ASTRAL LIMITED,FY23,ok,,,,,,,,,
532830,ASTRAL LIMITED,FY24,ok,10.0,5.0,4.0,,,,,,0.5
532830,ASTRAL LIMITED,FY25,ok,10.0,5.0,4.0,,,,,,0.5
506820,ASTRAZENECA PHARMA INDIA LIMITED,FY24,ok,,,,,,,,,
506820,ASTRAZENECA PHARMA INDIA LIMITED,FY25,ok,8.0,3.0,12.0,,,,,984.1,0.375
506820,ASTRAZENECA PHARMA INDIA LIMITED,FY23,ok,,,,,,,,,
500027,ATUL LIMITED,FY25,no_anchor,,,,,,,,,
500027,ATUL LIMITED,FY24,ok,,1.0,,,,,,,
500027,ATUL LIMITED,FY23,ok,,,,,,,3570.0,,
540611,AU SMALL FINANCE BANK LIMITED,FY23,ok,,,,,,,150.0,3498.5941000000003,
540611,AU SMALL FINANCE BANK LIMITED,FY25,ok,10.0,6.0,11.0,,,,250.0,7369.6012,0.6
540611,AU SMALL FINANCE BANK LIMITED,FY24,ok,,,11.0,,,,250.0,4806.2523,
524804,AUROBINDO PHARMA LIMITED,FY23,ok,,,,,,,0.00289,,
524804,AUROBINDO PHARMA LIMITED,FY24,ok,,,,,,,0.015,,
524804,AUROBINDO PHARMA LIMITED,FY25,ok,,,,,,,0.004,,
540376,AVENUE SUPERMARTS LIMITED,FY24,ok,,,,,,,15.0,,
540376,AVENUE SUPERMARTS LIMITED,FY25,ok,8.0,3.0,,,,,16.5,,0.375
540376,AVENUE SUPERMARTS LIMITED,FY23,ok,7.0,3.0,,,,,0.66,,0.42857142857142855
512599,Adani Enterprises Limited,FY23,ok,9.0,5.0,,,,,0.73,,0.5555555555555556
512599,Adani Enterprises Limited,FY24,ok,,4.0,,,,,1.66,,
512599,Adani Enterprises Limited,FY25,ok,,,,,,,1.4,,
542066,Adani Total Gas Limited,FY23,ok,10.0,5.0,,,,,0.17,,0.5
542066,Adani Total Gas Limited,FY24,ok,,,,,,,0.48,,
542066,Adani Total Gas Limited,FY25,ok,,,,,,,100.32,,
500040,Aditya Birla Real Estate Limited,FY25,ok,8.0,4.0,,,,,1.0,,0.5
500040,Aditya Birla Real Estate Limited,FY24,ok,7.0,4.0,,,,,1.68,,0.5714285714285714
500040,Aditya Birla Real Estate Limited,FY23,ok,,,,,,,1.2,,
532331,Ajanta Pharma Limited,FY23,ok,,,,,,,3.64,,
532331,Ajanta Pharma Limited,FY24,ok,,,,,,,,,
532331,Ajanta Pharma Limited,FY25,ok,,,,,,,18.1,,
500710,Akzo Nobel India Limited,FY23,ok,,,,,,,,,
500710,Akzo Nobel India Limited,FY25,ok,,,,,,,,0.0436,
500710,Akzo Nobel India Limited,FY24,ok,,,,,,,,,
533573,Alembic Pharmaceuticals Limited,FY23,ok,10.0,6.0,7.0,,,,0.88,,0.6
533573,Alembic Pharmaceuticals Limited,FY25,ok,9.0,4.0,4.0,,,,1.28,,0.4444444444444444
533573,Alembic Pharmaceuticals Limited,FY24,ok,,,,,,,1.05,,
500008,Amara Raja Energy & Mobility Limited,FY23,ok,,,4.0,,,,,,
500008,Amara Raja Energy & Mobility Limited,FY25,ok,6.0,4.0,,,,,,,0.6666666666666666
500008,Amara Raja Energy & Mobility Limited,FY24,ok,7.0,4.0,,,,,1.42,,0.5714285714285714
543415,Anand Rathi Wealth Limited,FY23,ok,,,,,,,8.1934,,
543415,Anand Rathi Wealth Limited,FY25,ok,,,,,,,,,
543415,Anand Rathi Wealth Limited,FY24,ok,7.0,4.0,,,,,2.2397,,0.5714285714285714
543235,Angel One Limited,FY24,ok,,5.0,4.0,,,,,,
543235,Angel One Limited,FY25,ok,,,,,,,,,
543235,Angel One Limited,FY23,ok,,,5.0,,,,,,
500877,Apollo Tyres Limited,FY25,ok,,,,,,,,,
500877,Apollo Tyres Limited,FY24,ok,,,,,,,,,
500877,Apollo Tyres Limited,FY23,ok,,,,,,,,,
540975,Aster DM Healthcare Limited,FY23,ok,,,,,,,51.81,431.64,
540975,Aster DM Healthcare Limited,FY24,ok,10.0,5.0,,,,,1.62,,0.5
540975,Aster DM Healthcare Limited,FY25,ok,,,,,,,2.28,,
539177,Authum Investment and Infrastructure Limited,FY25,ok,,,,,,,231.0,,
539177,Authum Investment and Infrastructure Limited,FY24,ok,9.0,5.0,9.0,,,,0.026,,0.5555555555555556
539177,Authum Investment and Infrastructure Limited,FY23,ok,7.0,4.0,7.0,,,,,,0.5714285714285714
500034,BAJAJ FINANCE LIMITED,FY23,ok,,,4.0,,,,0.93,,
500034,BAJAJ FINANCE LIMITED,FY25,no_anchor,,,,,,,,,
500034,BAJAJ FINANCE LIMITED,FY24,ok,,,,,,,1.54,,
500042,BASF INDIA LIMITED,FY24,ok,,,7.0,,,,,0.0,
500042,BASF INDIA LIMITED,FY25,ok,,,,,,,,,
500042,BASF INDIA LIMITED,FY23,ok,,,6.0,,,,20.5,785.0,
500043,BATA INDIA LIMITED,FY23,ok,,,,,0.0,,0.001266,,
500043,BATA INDIA LIMITED,FY25,ok,9.0,4.0,,,,,0.001577,,0.4444444444444444
500043,BATA INDIA LIMITED,FY24,ok,10.0,4.0,,,,,0.0012720000000000001,,0.4
506285,BAYER CROPSCIENCE LIMITED,FY24,ok,,,,,,,,,
506285,BAYER CROPSCIENCE LIMITED,FY25,ok,,,,,,5705.0,,5705.0,
506285,BAYER CROPSCIENCE LIMITED,FY23,ok,,,,,0.0,,,187200.0,
500493,BHARAT FORGE LIMITED,FY23,ok,,,,,,,0.025400000000000002,,
500493,BHARAT FORGE LIMITED,FY24,ok,14.0,8.0,,,,,0.01425,,0.5714285714285714
500493,BHARAT FORGE LIMITED,FY25,ok,,6.0,,,,,14000.0,,
543653,BIKAJI FOODS INTERNATIONAL LIMITED,FY24,ok,,,,,,,12.3226,,
543653,BIKAJI FOODS INTERNATIONAL LIMITED,FY25,ok,,,,,,,0.010181,,
543653,BIKAJI FOODS INTERNATIONAL LIMITED,FY23,ok,,,,,,,1.6500000000000001,,
500530,BOSCH LIMITED,FY24,ok,10.0,6.0,,,,,0.001,,0.6
500530,BOSCH LIMITED,FY25,ok,,4.0,,,,,0.0021000000000000003,,
500530,BOSCH LIMITED,FY23,ok,,,,,,,,,
500490,Bajaj Holdings & Investment Limited,FY24,ok,,,,,,,0.15,,
500490,Bajaj Holdings & Investment Limited,FY25,ok,,,,,,,0.18,,
500490,Bajaj Holdings & Investment Limited,FY23,ok,,,,,,,0.26,,
502355,Balkrishna Industries Limited,FY23,ok,,,,,,,1.28,,
502355,Balkrishna Industries Limited,FY25,ok,,,,,,,2.13,,
502355,Balkrishna Industries Limited,FY24,ok,,,,,,,,,
532134,Bank Of Baroda,FY23,ok,,,,,,,,,
532134,Bank Of Baroda,FY24,ok,,,17.0,,,,,52213.4011,
532134,Bank Of Baroda,FY25,ok,,,15.0,,,,,,
541143,Bharat Dynamics Limited,FY24,ok,,,5.0,,,,0.0017530000000000002,,
541143,Bharat Dynamics Limited,FY25,ok,,,4.0,,,,0.2477,,
541143,Bharat Dynamics Limited,FY23,ok,12.0,6.0,6.0,,,,1.75,,0.5
500049,Bharat Electronics Limited,FY23,ok,,,8.0,,,,0.34,,
500049,Bharat Electronics Limited,FY24,ok,,,,,,,0.46,1467.95,
500049,Bharat Electronics Limited,FY25,ok,,,,,,,0.46,3580.19,
500547,Bharat Petroleum Corporation Limited,FY23,ok,,,,,,0.012984,0.85,,
500547,Bharat Petroleum Corporation Limited,FY24,ok,,,,,,,0.99,,
500547,Bharat Petroleum Corporation Limited,FY25,ok,,,,,,,0.99,,
500067,Blue Star Limited,FY24,ok,,,,,,,12.93,,
500067,Blue Star Limited,FY25,ok,,6.0,,,,,0.125,93.07,
500067,Blue Star Limited,FY23,ok,,,,,,,14.39,,
532929,Brigade Enterprises Limited,FY23,ok,11.0,6.0,,,0.0,,2.57,,0.5454545454545454
532929,Brigade Enterprises Limited,FY25,ok,,,,,,,0.5700000000000001,,
532929,Brigade Enterprises Limited,FY24,ok,12.0,6.0,,,,,0.9400000000000001,,0.5
500878,CEAT Limited,FY23,ok,,,,,,,,,
500878,CEAT Limited,FY24,ok,,,,,,,10.700000000000001,,
500878,CEAT Limited,FY25,ok,,,,,,,264.57,0.13,
500084,CESC LIMITED,FY25,ok,,,,,,,4.1,,
500084,CESC LIMITED,FY24,ok,,,,,,,4.9,,
500084,CESC LIMITED,FY23,ok,,,,,,,5.19,,
500093,CG POWER AND INDUSTRIAL SOLUTIONS LIMITED,FY23,ok,,,5.0,,,,,,
500093,CG POWER AND INDUSTRIAL SOLUTIONS LIMITED,FY25,ok,7.0,4.0,7.0,,,,98.01,,0.5714285714285714
500093,CG POWER AND INDUSTRIAL SOLUTIONS LIMITED,FY24,ok,8.0,4.0,5.0,,,,798.11,,0.5
542399,CHALET HOTELS LIMITED,FY23,ok,7.0,4.0,,,,,,,0.5714285714285714
542399,CHALET HOTELS LIMITED,FY24,ok,7.0,4.0,,,,,,,0.5714285714285714
542399,CHALET HOTELS LIMITED,FY25,ok,,,,,,,,,
500085,CHAMBAL FERTILISERS AND CHEMICALS LIMITED,FY25,ok,,,,,,,,,
500085,CHAMBAL FERTILISERS AND CHEMICALS LIMITED,FY24,ok,,,8.0,,,,,23.47,
500085,CHAMBAL FERTILISERS AND CHEMICALS LIMITED,FY23,ok,,,,,,,,,
504973,CHOLAMANDALAM FINANCIAL HOLDINGS LIMITED,FY23,ok,,,,,,,0.25,,
504973,CHOLAMANDALAM FINANCIAL HOLDINGS LIMITED,FY24,ok,6.0,3.0,,,,,,,0.5
504973,CHOLAMANDALAM FINANCIAL HOLDINGS LIMITED,FY25,ok,6.0,3.0,,,,,,,0.5
511243,CHOLAMANDALM INVESTMENT AND FINANCE COMPANY LIMITED,FY24,ok,,,,,,,1.15,,
511243,CHOLAMANDALM INVESTMENT AND FINANCE COMPANY LIMITED,FY25,ok,,,,,,,1.34,,
511243,CHOLAMANDALM INVESTMENT AND FINANCE COMPANY LIMITED,FY23,ok,,,,,,,0.91,,
532210,CITY UNION BANK LIMITED,FY23,ok,,,,,,,,239.32520000000002,
532210,CITY UNION BANK LIMITED,FY25,ok,11.0,8.0,,,,,,1.25,0.7272727272727273
532210,CITY UNION BANK LIMITED,FY24,ok,,9.0,,,,,90.0,74067.2,
540678,COCHIN SHIPYARD LIMITED,FY25,ok,,,,,,,0.2,,
540678,COCHIN SHIPYARD LIMITED,FY24,ok,12.0,7.0,5.0,,,,0.19,,0.5833333333333334
540678,COCHIN SHIPYARD LIMITED,FY23,ok,15.0,8.0,,,,,0.19,,0.5333333333333333
532541,COFORGE LIMITED,FY25,no_anchor,,,,,,,,,
532541,COFORGE LIMITED,FY24,ok,,,,,,,0.0013000000000000002,,
532541,COFORGE LIMITED,FY23,ok,,,,,,,14.0,,
543276,CRAFTSMAN AUTOMATION LIMITED,FY23,ok,,,4.0,,,,0.56,,
543276,CRAFTSMAN AUTOMATION LIMITED,FY25,ok,6.0,4.0,7.0,,,,,,0.6666666666666666
543276,CRAFTSMAN AUTOMATION LIMITED,FY24,ok,,,,,,,0.63,,
500092,CRISIL Limited,FY23,ok,,,,,,,2.72,,
500092,CRISIL Limited,FY25,ok,,,,,,,3.43,,
500092,CRISIL Limited,FY24,ok,,,,,,,2.84,,
531595,Capri Global Capital Limited,FY23,ok,,,,,,,0.01925,,
531595,Capri Global Capital Limited,FY25,ok,7.0,6.0,8.0,,,,,,0.8571428571428571
531595,Capri Global Capital Limited,FY24,ok,,,,,,,,,
500870,Castrol India Limited,FY23,llm_failed: json_decode_error: Expecting property name enclosed in double quotes: line 17 column 2 (char 188),,,,,,,,,
500870,Castrol India Limited,FY24,ok,,,,,,,1.31,,
500870,Castrol India Limited,FY25,ok,,,4.0,,,,1.37,,
500830,Colgate-Palmolive (India) Limited,FY23,ok,,,,,,,1.1031,,
500830,Colgate-Palmolive (India) Limited,FY24,ok,,,,,,,12.0,,
500830,Colgate-Palmolive (India) Limited,FY25,ok,,,,,,,55.7,,
531344,Container Corporation Of India Limited,FY23,ok,,,,,,,1.48,1.48,
531344,Container Corporation Of India Limited,FY25,ok,,,,,,,0.0,1480.0,
531344,Container Corporation Of India Limited,FY24,ok,,,,,,,0.125,1.48,
541770,CreditAccess Grameen Limited,FY23,ok,8.0,4.0,,,,,,,0.5
541770,CreditAccess Grameen Limited,FY25,ok,8.0,4.0,,,,,2.18,,0.5
541770,CreditAccess Grameen Limited,FY24,ok,,,,,,,1.25,,
542216,DALMIA BHARAT LIMITED,FY23,ok,,,,,,,,,
542216,DALMIA BHARAT LIMITED,FY25,ok,,,,,,,,,
542216,DALMIA BHARAT LIMITED,FY24,ok,7.0,3.0,,,,,,,0.42857142857142855
543529,DELHIVERY LIMITED,FY25,ok,,,,,,,,,
543529,DELHIVERY LIMITED,FY24,ok,,,4.0,,,,,,
543529,DELHIVERY LIMITED,FY23,ok,,,,,,,,,
543330,DEVYANI INTERNATIONAL LIMITED,FY25,ok,,,,,,,,,
543330,DEVYANI INTERNATIONAL LIMITED,FY24,ok,,6.0,,,,,,,
543330,DEVYANI INTERNATIONAL LIMITED,FY23,ok,,,,,,,0.01405,,
540699,DIXON TECHNOLOGIES (INDIA) LIMITED,FY24,ok,,,,,,,1.5,,
540699,DIXON TECHNOLOGIES (INDIA) LIMITED,FY25,ok,,,,,,,,,
540699,DIXON TECHNOLOGIES (INDIA) LIMITED,FY23,ok,,,,,,,0.4,,
532868,DLF Limited,FY25,no_anchor,,,,,,,,,
532868,DLF Limited,FY24,ok,,6.0,,,,,140.1031,,
532868,DLF Limited,FY23,ok,13.0,6.0,,,,,3.075,,0.46153846153846156
539524,DR LAL PATHLABS LIMITED,FY24,ok,10.0,5.0,13.0,,,,,,0.5
539524,DR LAL PATHLABS LIMITED,FY25,ok,10.0,5.0,,,,,,,0.5
539524,DR LAL PATHLABS LIMITED,FY23,ok,12.0,7.0,,,,,,,0.5833333333333334
500645,Deepak Fertilisers and Petrochemicals Corporation Limited,FY23,ok,,,,,,,22.5,,
500645,Deepak Fertilisers and Petrochemicals Corporation Limited,FY25,ok,,,,,,,0.38,,
500645,Deepak Fertilisers and Petrochemicals Corporation Limited,FY24,ok,,,,,,,,,
506401,Deepak Nitrite Limited,FY23,ok,,,,,,,,,
506401,Deepak Nitrite Limited,FY24,ok,12.0,6.0,,,,,15.39,,0.5
506401,Deepak Nitrite Limited,FY25,ok,12.0,6.0,,,,,15.98,,0.5
500125,E.I.D.- PARRY (INDIA) LIMITED,FY23,ok,,,,,,,0.73,,
500125,E.I.D.- PARRY (INDIA) LIMITED,FY24,ok,,,,,,,0.96,,
500125,E.I.D.- PARRY (INDIA) LIMITED,FY25,ok,9.0,5.0,,,,,13.19,428.57,0.5555555555555556
532927,ECLERX SERVICES LTD.,FY25,ok,9.0,6.0,,,,,,,0.6666666666666666
532927,ECLERX SERVICES LTD.,FY24,ok,11.0,8.0,,,,,,,0.7272727272727273
532927,ECLERX SERVICES LTD.,FY23,ok,9.0,7.0,,,,,11.58,,0.7777777777777778
505200,EICHER MOTORS LIMITED,FY23,ok,,,,,,,1.03,,
505200,EICHER MOTORS LIMITED,FY25,ok,,63.0,,,,,1.03,,
505200,EICHER MOTORS LIMITED,FY24,ok,,,,,,,0.79,,
500495,ESCORTS KUBOTA LIMITED,FY23,ok,,,,,,,,,
500495,ESCORTS KUBOTA LIMITED,FY25,ok,,,,,,,,,
500495,ESCORTS KUBOTA LIMITED,FY24,ok,,8.0,,,,,,,
540153,Endurance Technologies Limited,FY23,ok,,,,,,,9.27,,
540153,Endurance Technologies Limited,FY25,no_anchor,,,,,,,,,
540153,Endurance Technologies Limited,FY24,ok,10.0,6.0,,,,,,,0.6
540596,Eris Lifesciences Limited,FY25,ok,8.0,4.0,5.0,,,,0.97,,0.5
540596,Eris Lifesciences Limited,FY24,ok,8.0,4.0,6.0,,,,,,0.5
540596,Eris Lifesciences Limited,FY23,ok,8.0,4.0,6.0,,,,,,0.5
532809,FIRSTSOURCE SOLUTIONS LIMITED,FY25,ok,,,,,,,20.8,,
532809,FIRSTSOURCE SOLUTIONS LIMITED,FY24,ok,,,,,,,,,
532809,FIRSTSOURCE SOLUTIONS LIMITED,FY23,ok,,5.0,,,,,,,
543384,FSN E COMMERCE VENTURES LIMITED,FY24,ok,,,,,,,,,
543384,FSN E COMMERCE VENTURES LIMITED,FY25,ok,,,,,,,1.34,,
543384,FSN E COMMERCE VENTURES LIMITED,FY23,ok,,,,,,,0.028793000000000003,0.0,
541557,Fine Organic Industries Limited,FY25,ok,11.0,4.0,20.0,,0.0,0.34,0.34,,0.36363636363636365
541557,Fine Organic Industries Limited,FY24,ok,11.0,6.0,5.0,,,,0.325,,0.5454545454545454
541557,Fine Organic Industries Limited,FY23,ok,10.0,5.0,5.0,,,,,,0.5
543663,Five-Star Business Finance Limited,FY24,ok,,,,,0.0,,1.3800000000000001,,
543663,Five-Star Business Finance Limited,FY25,ok,8.0,4.0,,,,,,,0.5
543663,Five-Star Business Finance Limited,FY23,ok,8.0,4.0,,,,,132.36,,0.5
500033,Force Motors Limited,FY23,ok,,,4.0,,,,,,
500033,Force Motors Limited,FY24,no_anchor,,,,,,,,,
500033,Force Motors Limited,FY25,ok,,,4.0,,,,0.21,,
522275,GE T&D India Limited,FY24,ok,10.0,5.0,,,,,,,0.5
522275,GE T&D India Limited,FY25,ok,9.0,4.0,7.0,,,,,,0.4444444444444444
522275,GE T&D India Limited,FY23,ok,7.0,4.0,,,,,,,0.5714285714285714
540755,GENERAL INSURANCE CROPORATION OF INDIA,FY23,ok,,,,,,,0.1407723,,
540755,GENERAL INSURANCE CROPORATION OF INDIA,FY24,ok,6.0,4.0,7.0,,,,,,0.6666666666666666
540755,GENERAL INSURANCE CROPORATION OF INDIA,FY25,ok,6.0,2.0,8.0,,,,,,0.3333333333333333
543245,GLAND PHARMA LIMITED,FY25,ok,,,,,,,0.0017000000000000001,,
543245,GLAND PHARMA LIMITED,FY24,ok,,,12.0,,,,18.85,,
543245,GLAND PHARMA LIMITED,FY23,ok,,1.0,,,,,12.4,,
543654,GLOBAL HEALTH LIMITED,FY25,ok,,,,,,,0.0123,,
543654,GLOBAL HEALTH LIMITED,FY24,ok,,,,,,,19.23,,
543654,GLOBAL HEALTH LIMITED,FY23,ok,10.0,5.0,,,,,1.0502,,0.5
532754,GMR AIRPORTS LIMITED (FORMERLY GMR AIRPORTS INFRASTRUCTURE LIMITED),FY25,ok,,,,,,,130.28,,
532754,GMR AIRPORTS LIMITED (FORMERLY GMR AIRPORTS INFRASTRUCTURE LIMITED),FY24,ok,,,,,,,2.74,,
532754,GMR AIRPORTS LIMITED (FORMERLY GMR AIRPORTS INFRASTRUCTURE LIMITED),FY23,ok,,5.0,,,,,12.34,,
532734,GODAWARI POWER AND ISPAT LIMITED,FY23,ok,,,4.0,,,,,,
532734,GODAWARI POWER AND ISPAT LIMITED,FY24,ok,,5.0,,,,,200.55759999999998,,
532734,GODAWARI POWER AND ISPAT LIMITED,FY25,ok,,,,,,,0.625,,
500163,GODFREY PHILLIPS INDIA LIMITED,FY24,ok,9.0,6.0,,,,,30.3754,,0.6666666666666666
500163,GODFREY PHILLIPS INDIA LIMITED,FY25,ok,6.0,5.0,9.0,,0.0,,0.0129,,0.8333333333333334
500163,GODFREY PHILLIPS INDIA LIMITED,FY23,ok,9.0,5.0,5.0,,0.0,,0.0109,,0.5555555555555556
532181,GUJARAT MINERALS DEVELOPMENT CORPORATION LIMITED,FY24,ok,8.0,6.0,,,,,,,0.75
532181,GUJARAT MINERALS DEVELOPMENT CORPORATION LIMITED,FY25,ok,8.0,4.0,5.0,,,,0.13,,0.5
532181,GUJARAT MINERALS DEVELOPMENT CORPORATION LIMITED,FY23,ok,8.0,6.0,5.0,,,,,,0.75
532726,Gallantt Ispat Limited,FY24,ok,11.0,6.0,,,,,12.0,,0.5454545454545454
532726,Gallantt Ispat Limited,FY25,ok,,,,,,,0.08,,
532726,Gallantt Ispat Limited,FY23,ok,,,,,,,0.055,,
542011,Gareden Reach Shipbuilders & Engineers Limited,FY23,ok,6.0,2.0,,,,,,,0.3333333333333333
542011,Gareden Reach Shipbuilders & Engineers Limited,FY24,ok,7.0,2.0,,,,,,,0.2857142857142857
542011,Gareden Reach Shipbuilders & Engineers Limited,FY25,ok,,,,,,,0.001075,,
500164,Godrej Industries Limited,FY25,ok,,,,,,,15.2,,
500164,Godrej Industries Limited,FY24,ok,,,,,,,12.5,,
500164,Godrej Industries Limited,FY23,ok,11.0,6.0,4.0,,,,0.79,,0.5454545454545454
542812,Gujarat Fluorochemicals Limited,FY23,ok,,,,,,,,,
542812,Gujarat Fluorochemicals Limited,FY24,ok,,,,,,,,,
542812,Gujarat Fluorochemicals Limited,FY25,ok,,,,,,,,,
531531,HATSUN AGRO PRODUCT LIMITED,FY25,ok,,,,,,,9.8e-05,,
531531,HATSUN AGRO PRODUCT LIMITED,FY24,ok,,6.0,,,,,0.525,,
531531,HATSUN AGRO PRODUCT LIMITED,FY23,ok,,4.0,8.0,,,,0.007789000000000001,,
532281,HCL Technologies Limited,FY25,ok,,,,,,,9.0,,
532281,HCL Technologies Limited,FY24,ok,,,,,,,0.0009000000000000001,,
532281,HCL Technologies Limited,FY23,ok,,,,,,,2350.0,9300.0,
541729,HDFC ASSET MANAGEMENT COMPANY LIMITED,FY23,ok,,,,,,,0.29,,
541729,HDFC ASSET MANAGEMENT COMPANY LIMITED,FY25,ok,9.0,5.0,,,,,0.37,,0.5555555555555556
541729,HDFC ASSET MANAGEMENT COMPANY LIMITED,FY24,ok,9.0,5.0,,,,,0.33,,0.5555555555555556
500180,HDFC BANK LIMITED,FY23,ok,,,,,,,1050.0,349278.29865,
500180,HDFC BANK LIMITED,FY25,ok,,,,,,2647417.0018,129400000.0,2647417.0018,
500180,HDFC BANK LIMITED,FY24,ok,,4.0,,,0.0,2987.8,,,
500182,HERO MOTOCORP LIMITED,FY23,ok,,,,,,,,,
500182,HERO MOTOCORP LIMITED,FY25,ok,,,,,,,,,
500182,HERO MOTOCORP LIMITED,FY24,ok,,,,,,,,,
541154,HINDUSTAN AERONAUTICS LIMITED,FY25,ok,,,,,,,0.63,,
541154,HINDUSTAN AERONAUTICS LIMITED,FY24,ok,,2.0,12.0,,,,0.63,,
541154,HINDUSTAN AERONAUTICS LIMITED,FY23,ok,,2.0,12.0,,,,6.44,,
543187,HITACHI ENERGY INDIA LIMITED,FY25,ok,,,,,,,125.0,,
543187,HITACHI ENERGY INDIA LIMITED,FY24,ok,6.0,3.0,,,,,,,0.5
543187,HITACHI ENERGY INDIA LIMITED,FY23,ok,6.0,3.0,,,,,12.45,,0.5
517174,HONEYWELL AUTOMATION INDIA LIMITED,FY23,ok,6.0,2.0,4.0,,,,,,0.3333333333333333
517174,HONEYWELL AUTOMATION INDIA LIMITED,FY25,ok,,,,,,7000.0,,,
517174,HONEYWELL AUTOMATION INDIA LIMITED,FY24,ok,,,4.0,,,,363.20000000000005,,
500184,Himadri Speciality Chemical Ltd,FY25,ok,,,,,,,0.8419,,
500184,Himadri Speciality Chemical Ltd,FY24,ok,8.0,5.0,,,,,,,0.625
500184,Himadri Speciality Chemical Ltd,FY23,ok,,,,,,,0.804,,
513599,Hindustan Copper Limited,FY23,ok,,,11.0,,,,,104.8265,
513599,Hindustan Copper Limited,FY25,ok,,4.0,8.0,,,,,,
513599,Hindustan Copper Limited,FY24,ok,,,,,,,,37.952600000000004,
500696,Hindustan Unilever Limited,FY25,ok,,,,,,,,,
500696,Hindustan Unilever Limited,FY24,ok,,5.0,,,,,,,
500696,Hindustan Unilever Limited,FY23,ok,,,8.0,,,,14000.0,,
500188,Hindustan Zinc Limited,FY24,no_anchor,,,,,,,,,
500188,Hindustan Zinc Limited,FY25,ok,,,,,,,428.0,,
500188,Hindustan Zinc Limited,FY23,ok,,,,,,,2.0,,
540530,Housing & Urban Development Corporation Limited,FY23,ok,8.0,5.0,,,,,0.23,,0.625
540530,Housing & Urban Development Corporation Limited,FY25,ok,,,,,,,0.27,,
540530,Housing & Urban Development Corporation Limited,FY24,ok,,,,,,,0.32,,
541179,ICICI SECURITIES LIMITED,FY24,ok,,,,,,,,716090.0,
541179,ICICI SECURITIES LIMITED,FY23,ok,,,,,,,,150930.0,
539437,IDFC FIRST BANK LIMITED,FY24,ok,,,,,,,,302348.0519,
539437,IDFC FIRST BANK LIMITED,FY25,ok,,,,,,438855.8669,,438855.8669,
539437,IDFC FIRST BANK LIMITED,FY23,ok,,,,,,,,361184.0392,
500106,IFCI Limited,FY24,ok,,,,,,,317.42,,
500106,IFCI Limited,FY25,ok,8.0,1.0,7.0,,,,387.1,,0.125
500106,IFCI Limited,FY23,ok,,,,,,,0.23,20.39,
532636,IIFL FINANCE LIMITED,FY24,ok,,,,,,,0.62,,
532636,IIFL FINANCE LIMITED,FY25,ok,,2.0,,,,,,,
532636,IIFL FINANCE LIMITED,FY23,ok,,,,,,,0.55,,
543257,INDIAN RAILWAY FINANCE CORPORATION LIMITED,FY25,ok,,,,,,,,,
543257,INDIAN RAILWAY FINANCE CORPORATION LIMITED,FY24,ok,,,4.0,,,,3.18,,
543257,INDIAN RAILWAY FINANCE CORPORATION LIMITED,FY23,ok,,,,,,,,,
532514,INDRAPRASTHA GAS LIMITED,FY23,ok,10.0,5.0,19.0,,,,0.7,,0.5
532514,INDRAPRASTHA GAS LIMITED,FY25,ok,10.0,6.0,11.0,,,,0.73,,0.6
532514,INDRAPRASTHA GAS LIMITED,FY24,ok,,,,,,,0.68,,
534816,INDUS TOWERS LIMITED,FY24,ok,,,,,,,,,
534816,INDUS TOWERS LIMITED,FY25,ok,,,5.0,,,,,,
534816,INDUS TOWERS LIMITED,FY23,ok,,,,,,,,,
532777,INFO EDGE (INDIA) Limited,FY23,ok,,,,,,,8.15,,
532777,INFO EDGE (INDIA) Limited,FY24,ok,11.0,6.0,,,,,,,0.5454545454545454
532777,INFO EDGE (INDIA) Limited,FY25,ok,10.0,5.0,,,,0.75,0.049552,,0.5
500209,INFOSYS LIMITED,FY23,ok,,,4.0,,,,7.0,,
500209,INFOSYS LIMITED,FY24,ok,,,,,,,8.0,6400.0,
500209,INFOSYS LIMITED,FY25,ok,,,,,,,0.0008,,
539083,INOX WIND LIMITED,FY23,ok,,,,,,,0.6928,57.341300000000004,
539083,INOX WIND LIMITED,FY25,ok,,2.0,7.0,,,,1.0233,,
539083,INOX WIND LIMITED,FY24,ok,,,7.0,,,,0.26,,
539448,INTERGLOBE AVIATION LIMITED,FY25,ok,8.0,4.0,11.0,,,,,,0.5
539448,INTERGLOBE AVIATION LIMITED,FY24,ok,8.0,4.0,15.0,,,,,,0.5
539448,INTERGLOBE AVIATION LIMITED,FY23,ok,,,,,,,,,
532947,IRB Infrastructure Developers Limited,FY23,ok,,,,,,,,,
532947,IRB Infrastructure Developers Limited,FY25,ok,,,,,0.0,,9.28,,
532947,IRB Infrastructure Developers Limited,FY24,ok,8.0,4.0,,,,,,,0.5
541956,IRCON INTERNATIONAL LIMITED,FY24,ok,9.0,4.0,,,,,150.0,2689.4,0.4444444444444444
541956,IRCON INTERNATIONAL LIMITED,FY25,ok,,,,,,,8731.99,,
541956,IRCON INTERNATIONAL LIMITED,FY23,ok,,4.0,,,,,,0.001409,
500875,ITC Limited,FY23,ok,,,,,,,2.44,,
500875,ITC Limited,FY25,ok,,,,,,,2.05,,
500875,ITC Limited,FY24,ok,,,,,,,2.15,,
532814,Indian Bank,FY25,ok,,,,,,,,,
532814,Indian Bank,FY24,ok,,,,,,,,,
532814,Indian Bank,FY23,ok,,,,,,3813.0303000000004,,3559.4725000000003,
506943,JB Chemicals & Pharmaceuticals Limited,FY24,ok,,,,,,,,,
506943,JB Chemicals & Pharmaceuticals Limited,FY25,ok,,,,,,,,,
506943,JB Chemicals & Pharmaceuticals Limited,FY23,ok,,,,,,,,,
532286,JINDAL STEEL & POWER LIMITED,FY23,ok,,,,,,,,,
532286,JINDAL STEEL & POWER LIMITED,FY25,ok,,,,,,,120.0,,
532286,JINDAL STEEL & POWER LIMITED,FY24,ok,,,,,,,,,
523405,JM FINANCIAL LIMITED,FY24,ok,,,,,,,508.24,,
523405,JM FINANCIAL LIMITED,FY25,ok,,,,,,,246.15,,
523405,JM FINANCIAL LIMITED,FY23,ok,,,,,,,0.59,,
533155,JUBILANT FOODWORKS LIMITED,FY23,ok,,,,,0.0,,0.09287000000000001,,
533155,JUBILANT FOODWORKS LIMITED,FY24,ok,,6.0,,,,,8.21,,
533155,JUBILANT FOODWORKS LIMITED,FY25,ok,,,,,,,,,
530019,JUBILANT PHARMOVA LIMITED,FY25,ok,,,,,,,,,
530019,JUBILANT PHARMOVA LIMITED,FY24,ok,,,,,,,,,
530019,JUBILANT PHARMOVA LIMITED,FY23,ok,13.0,7.0,,,,,,,0.5384615384615384
532889,K.P.R. MILL LIMITED,FY24,ok,,,5.0,,,,,,
532889,K.P.R. MILL LIMITED,FY25,ok,,,,,,,174.98,,
532889,K.P.R. MILL LIMITED,FY23,ok,,,,,,,0.353,,
500233,KAJARIA CERAMICS LIMITED,FY25,ok,,,,,,,1.05,,
500233,KAJARIA CERAMICS LIMITED,FY24,ok,,,,,0.0,,5.13,,
500233,KAJARIA CERAMICS LIMITED,FY23,ok,,,,,,,,,
522287,KALPATARU PROJECTS INTERNATIONAL  LIMITED,FY25,ok,,,,,,,3.13,,
522287,KALPATARU PROJECTS INTERNATIONAL  LIMITED,FY24,ok,,4.0,,,,,2.98,,
522287,KALPATARU PROJECTS INTERNATIONAL  LIMITED,FY23,ok,10.0,5.0,6.0,,,,,,0.5
543664,KAYNES TECHNOLOGY INDIA LIMITED,FY23,ok,,5.0,13.0,,,,,,
543664,KAYNES TECHNOLOGY INDIA LIMITED,FY25,ok,8.0,5.0,8.0,,,,,,0.625
543664,KAYNES TECHNOLOGY INDIA LIMITED,FY24,ok,8.0,5.0,9.0,,,,,,0.625
532714,KEC INTERNATIONAL LIMITED,FY23,ok,,,,,,,,,
532714,KEC INTERNATIONAL LIMITED,FY24,ok,,,,,,,,,
532714,KEC INTERNATIONAL LIMITED,FY25,ok,10.0,7.0,,,,,,,0.7
517569,KEI INDUSTRIES LIMITED,FY23,ok,10.0,6.0,4.0,,,,,,0.6
517569,KEI INDUSTRIES LIMITED,FY25,ok,8.0,4.0,4.0,,,,,,0.5
517569,KEI INDUSTRIES LIMITED,FY24,ok,,,4.0,,,,,,
543720,KFIN TECHNOLOGIES LIMITED,FY23,ok,9.0,3.0,12.0,,,,,,0.3333333333333333
543720,KFIN TECHNOLOGIES LIMITED,FY25,no_anchor,,,,,,,,,
543720,KFIN TECHNOLOGIES LIMITED,FY24,ok,,,,,,,,,
533293,KIRLOSKAR OIL ENGINES LIMITED,FY23,ok,,,,,,,,,
533293,KIRLOSKAR OIL ENGINES LIMITED,FY25,ok,,,5.0,,,,,,
533293,KIRLOSKAR OIL ENGINES LIMITED,FY24,ok,,,,,,,125.21,,
543308,KRISHNA INSTITUTE OF MEDICAL SCIENCES LIMITED,FY23,ok,,,,,,,,,
543308,KRISHNA INSTITUTE OF MEDICAL SCIENCES LIMITED,FY24,ok,,,10.0,,,,8.7,5475.9,
543308,KRISHNA INSTITUTE OF MEDICAL SCIENCES LIMITED,FY25,ok,,5.0,8.0,,,,0.0009000000000000001,,
500165,Kansai Nerolac Paints Limited,FY23,ok,7.0,4.0,9.0,,,,35.0,,0.5714285714285714
500165,Kansai Nerolac Paints Limited,FY24,ok,7.0,3.0,8.0,,,,,,0.42857142857142855
500165,Kansai Nerolac Paints Limited,FY25,ok,8.0,3.0,6.0,,,,,,0.375
533519,L&T Finance Limited,FY23,ok,,,,,,,0.38,,
533519,L&T Finance Limited,FY24,ok,,,,,,,2.35,,
533519,L&T Finance Limited,FY25,ok,,,,,,,2.05,,
540115,L&T Technology Services Limited,FY25,ok,,6.0,,,,,,,
540115,L&T Technology Services Limited,FY24,ok,,2.0,,,,,,0.1376,
540115,L&T Technology Services Limited,FY23,ok,,,,,,,,,
500510,LARSEN & TOUBRO LIMITED,FY23,ok,,,,,,,2.75,636.97,
500510,LARSEN & TOUBRO LIMITED,FY25,ok,,,,,,,,765.72,
500510,LARSEN & TOUBRO LIMITED,FY24,ok,,,,,,,3.6,697.73,
540222,LAURUS LABS LIMITED,FY25,ok,,,,,,,0.62,534.01,
540222,LAURUS LABS LIMITED,FY24,ok,,,,,,,1.28,,
540222,LAURUS LABS LIMITED,FY23,ok,,,,,,,0.56,440.33,
500253,LIC Housing Finance Limited,FY23,ok,11.0,7.0,,,,,0.5,,0.6363636363636364
500253,LIC Housing Finance Limited,FY25,ok,13.0,8.0,,,,,1500.0,,0.6153846153846154
500253,LIC Housing Finance Limited,FY24,ok,13.0,8.0,,,,,0.5,,0.6153846153846154
500252,LMW LIMITED,FY24,ok,,,4.0,,,,0.15,,
500252,LMW LIMITED,FY25,ok,,,,,,450.0,0.15,,
500252,LMW LIMITED,FY23,ok,10.0,5.0,4.0,,,,,,0.5
532783,LT FOODS LIMITED,FY23,ok,,,,,,,19.872,,
532783,LT FOODS LIMITED,FY24,ok,,,,,0.0,,23.9679,,
532783,LT FOODS LIMITED,FY25,ok,,,,,,,0.47000000000000003,,
500520,MAHINDRA & MAHINDRA LIMITED,FY23,ok,,7.0,,,,,,,
500520,MAHINDRA & MAHINDRA LIMITED,FY25,ok,,,,,,,1200.0,,
500520,MAHINDRA & MAHINDRA LIMITED,FY24,ok,,3.0,7.0,,,,,,
531642,MARICO LIMITED,FY23,ok,,,,,,,,,
531642,MARICO LIMITED,FY24,ok,,,,,,,,,
531642,MARICO LIMITED,FY25,ok,,,,,,,,,
532500,MARUTI SUZUKI INDIA LIMITED,FY24,ok,,,,,,,18.049200000000003,,
532500,MARUTI SUZUKI INDIA LIMITED,FY25,ok,,1.0,5.0,98.33,,,,,
532500,MARUTI SUZUKI INDIA LIMITED,FY23,ok,,,,,,,,,
543220,MAX HEALTHCARE INSTITUTE LIMITED,FY23,ok,,,,,,,2.64,,
543220,MAX HEALTHCARE INSTITUTE LIMITED,FY25,ok,,2.0,,,,,,,
543220,MAX HEALTHCARE INSTITUTE LIMITED,FY24,ok,,,,,,,,,
500290,MRF LIMITED,FY23,ok,17.0,8.0,4.0,,,,0.89,,0.47058823529411764
500290,MRF LIMITED,FY24,ok,20.0,13.0,,,,,1.02,,0.65
500290,MRF LIMITED,FY25,ok,14.0,7.0,4.0,,0.0,,,,0.5
500266,Maharashtra Scooters Limited,FY25,ok,6.0,3.0,7.0,,,,0.08,,0.5
500266,Maharashtra Scooters Limited,FY24,ok,,,,,,,0.14,,
500266,Maharashtra Scooters Limited,FY23,ok,6.0,3.0,,,,,1.5024000000000002,,0.5
532720,Mahindra & Mahindra Financial Services Limited,FY24,ok,,,,,,,,,
532720,Mahindra & Mahindra Financial Services Limited,FY25,ok,8.0,3.0,,,,,,,0.375
532720,Mahindra & Mahindra Financial Services Limited,FY23,ok,,,,,,,,,
500271,Max Financial Services Limited,FY23,ok,,,,,,,,,
500271,Max Financial Services Limited,FY24,ok,,1.0,,,,,2.5,,
500271,Max Financial Services Limited,FY25,ok,,1.0,2.0,,,,,910.0,
543237,Mazagon Dock Shipbuilders Limited,FY24,ok,,,9.0,,,,,,
543237,Mazagon Dock Shipbuilders Limited,FY25,ok,,,,,,,,,
543237,Mazagon Dock Shipbuilders Limited,FY23,ok,,3.0,10.0,,,,,,
526299,Mphasis Limited,FY24,ok,,,,,,18290.88,,186.375,
526299,Mphasis Limited,FY25,ok,,,,,,,0.12000000000000001,0.35760000000000003,
526299,Mphasis Limited,FY23,ok,,4.0,,,,,,,
534091,Multi Commodity Exchange of India Limited,FY25,ok,,,,,,,,,
534091,Multi Commodity Exchange of India Limited,FY24,ok,,,,,,,,,
534091,Multi Commodity Exchange of India Limited,FY23,ok,,,,,,,,,
524816,NATCO PHARMA LIMITED,FY25,ok,9.0,6.0,4.0,,0.0,,,,0.6666666666666666
524816,NATCO PHARMA LIMITED,FY24,ok,,,5.0,,,,,,
524816,NATCO PHARMA LIMITED,FY23,ok,,,6.0,,,,11.0,,
534309,NBCC (INDIA) LIMITED,FY24,ok,8.0,3.0,,,,,0.595,,0.375
534309,NBCC (INDIA) LIMITED,FY25,ok,,,,,,,0.6055,750.0,
534309,NBCC (INDIA) LIMITED,FY23,ok,,3.0,,,,,0.5366,,
533098,NHPC LIMITED,FY23,ok,10.0,5.0,,,,,10.0,,0.5
533098,NHPC LIMITED,FY25,ok,6.0,1.0,,,,,,8270.49,0.16666666666666666
533098,NHPC LIMITED,FY24,ok,,,,,,,,2250.06,
513683,NLC India Limited,FY24,no_anchor,,,,,,,,,
513683,NLC India Limited,FY25,ok,,3.0,13.0,,,,,,
513683,NLC India Limited,FY23,ok,,,,,,,,12233.31,
543334,NUVOCO VISTAS CORPORATION LIMITED,FY23,ok,,,,,0.0,,,,
543334,NUVOCO VISTAS CORPORATION LIMITED,FY25,ok,,,,,,,354.73,,
543334,NUVOCO VISTAS CORPORATION LIMITED,FY24,ok,6.0,3.0,,,,,,,0.5
539551,Narayana Hrudayalaya Limited,FY23,ok,12.0,8.0,8.0,,,0.0,6.3,0.1875,0.6666666666666666
539551,Narayana Hrudayalaya Limited,FY24,ok,8.0,4.0,5.0,,,,,,0.5
539551,Narayana Hrudayalaya Limited,FY25,ok,,,,,,,6.75,,
532234,National Aluminium Company Limited,FY23,ok,,,,,,,9.300000000000001e-05,,
532234,National Aluminium Company Limited,FY24,ok,16.0,8.0,,,,,0.6,,0.5
532234,National Aluminium Company Limited,FY25,ok,,,,,,,0.6,277.06,
532504,Navin Fluorine International Limited,FY25,ok,9.0,5.0,8.0,,,,,,0.5555555555555556
532504,Navin Fluorine International Limited,FY24,ok,,,,,,,1.47,0.0,
532504,Navin Fluorine International Limited,FY23,ok,12.0,9.0,8.0,,,,0.75,,0.75
500790,Nestle India Limited,FY25,ok,,7.0,208.0,,,,,,
500790,Nestle India Limited,FY24,ok,,,,,,,,,
533273,OBEROI REALTY LIMITED,FY23,ok,7.0,3.0,8.0,,,,,,0.42857142857142855
533273,OBEROI REALTY LIMITED,FY24,ok,7.0,4.0,5.0,,,,,,0.5714285714285714
533273,OBEROI REALTY LIMITED,FY25,ok,,,8.0,,,,1.6141999999999999,,
533106,OIL INDIA LIMITED,FY23,ok,10.0,3.0,10.0,,,,,,0.3
533106,OIL INDIA LIMITED,FY25,ok,,3.0,,,,,,,
533106,OIL INDIA LIMITED,FY24,ok,,2.0,,,,,,,
500312,Oil & Natural Gas Corporation Limited,FY25,ok,,,,,,,,,
500312,Oil & Natural Gas Corporation Limited,FY24,ok,,6.0,,,,1104.0,,,
500312,Oil & Natural Gas Corporation Limited,FY23,ok,,,,,,,2070.0,6194.273183,
532466,Oracle Financial Services Software Limited,FY23,ok,,4.0,5.0,,,,20.8939,,
532466,Oracle Financial Services Software Limited,FY24,ok,,3.0,9.0,,,,,,
532466,Oracle Financial Services Software Limited,FY25,ok,,,4.0,,,,,,
543530,PARADEEP PHOSPHATES LIMITED,FY23,ok,,,9.0,,,,0.014283000000000002,,
543530,PARADEEP PHOSPHATES LIMITED,FY24,ok,,,,,,,0.016563,,
543530,PARADEEP PHOSPHATES LIMITED,FY25,ok,,,,,,,1.8607,,
500368,PATANJALI FOODS LIMITED,FY23,ok,,,,,,,1.439,,
500368,PATANJALI FOODS LIMITED,FY24,ok,,,,,,,189.8987,2.635504,
500368,PATANJALI FOODS LIMITED,FY25,ok,,,,,,1100.0,1.889,,
543390,PB Fintech Limited,FY24,ok,9.0,5.0,,,,,,,0.5555555555555556
543390,PB Fintech Limited,FY25,ok,,1.0,,,,,0.43,,
543390,PB Fintech Limited,FY23,ok,9.0,5.0,7.0,,,,0.041833999999999996,,0.5555555555555556
533179,PESISTENT SYSTEMS LIMITED,FY24,ok,,,,,,,,,
533179,PESISTENT SYSTEMS LIMITED,FY25,ok,,,,,,,,,
533179,PESISTENT SYSTEMS LIMITED,FY23,ok,,,,,,,,,
532522,PETRONET LNG LIMITED,FY23,ok,14.0,5.0,,,,,0.26,,0.35714285714285715
532522,PETRONET LNG LIMITED,FY25,ok,14.0,5.0,,,,,0.55,0.315581,0.35714285714285715
532522,PETRONET LNG LIMITED,FY24,ok,14.0,5.0,,,,,0.26,,0.35714285714285715
533581,PG Electroplast Limited,FY23,ok,7.0,4.0,8.0,,,,,,0.5714285714285714
533581,PG Electroplast Limited,FY25,ok,,,,,,,0.1977,,
533581,PG Electroplast Limited,FY24,ok,,,,,,,2.6982999999999997,,
540173,PNB HOUSING FINANCE LIMITED,FY24,ok,,,,,,,,,
540173,PNB HOUSING FINANCE LIMITED,FY25,ok,,,,,,,,,
540173,PNB HOUSING FINANCE LIMITED,FY23,ok,,,,,,,10800000.0,,
542652,POLYCAB INDIA LIMITED,FY25,ok,,,5.0,,,,,,
542652,POLYCAB INDIA LIMITED,FY24,ok,,,,,,,,,
542652,POLYCAB INDIA LIMITED,FY23,ok,,,,,,,,,
500459,PROCTER & GAMBLE HYGIENE AND HEALTH CARE LIMITED,FY24,ok,,,,,,112.09,,,
500459,PROCTER & GAMBLE HYGIENE AND HEALTH CARE LIMITED,FY25,ok,,,,,,,1.62,,
500459,PROCTER & GAMBLE HYGIENE AND HEALTH CARE LIMITED,FY23,ok,,,,,,,1.36,,
500302,Piramal Enterprises Limited,FY23,ok,,7.0,,,,,,,
500302,Piramal Enterprises Limited,FY25,ok,14.0,8.0,,,,,,,0.5714285714285714
500302,Piramal Enterprises Limited,FY24,ok,14.0,8.0,,,,,,,0.5714285714285714
543635,Piramal Pharma Limited,FY24,ok,,,,,,,15.0,1076.21,
543635,Piramal Pharma Limited,FY25,ok,,,,,,,0.34,,
543635,Piramal Pharma Limited,FY23,ok,,,,,,,160.37,2966.77,
532810,Power Finance Corporation Limited,FY25,ok,,,,,,,,,
532810,Power Finance Corporation Limited,FY24,ok,,,,,,,,,
532810,Power Finance Corporation Limited,FY23,ok,,,,,,,,,
533274,Prestige Estates Projects Limited,FY25,ok,,,,,,,,,
533274,Prestige Estates Projects Limited,FY24,ok,9.0,7.0,,,,,,,0.7777777777777778
533274,Prestige Estates Projects Limited,FY23,ok,,,,,,,,,
532497,RADICO KHAITAN LIMITED,FY25,ok,,,,,0.0,,1.5719,,
532497,RADICO KHAITAN LIMITED,FY24,ok,8.0,5.0,4.0,,,,0.1943,,0.625
532497,RADICO KHAITAN LIMITED,FY23,ok,8.0,5.0,4.0,,,,1.1758,,0.625
532805,REDINGTON LIMITED,FY25,ok,,,,,,,5.66,,
532805,REDINGTON LIMITED,FY24,ok,,,,,,,2.36,,
532805,REDINGTON LIMITED,FY23,ok,,,,,,,0.85,,
500325,RELIANCE INDUSTRIES LIMITED,FY24,ok,,,,,,,1250.0,,
500325,RELIANCE INDUSTRIES LIMITED,FY25,ok,,,,,,125.0,430.0,0.8798,
500325,RELIANCE INDUSTRIES LIMITED,FY23,ok,,,,,,,30.0,0.0455,
532939,RELIANCE POWER LIMITED,FY25,ok,,,,,,,0.4,1582.31,
532939,RELIANCE POWER LIMITED,FY24,ok,,,,,,,7.8500000000000005,,
532939,RELIANCE POWER LIMITED,FY23,ok,,,,,,,125000.0,,
543524,Rainbow Children's Medicare Limited,FY23,ok,6.0,4.0,9.0,,,,,,0.6666666666666666
543524,Rainbow Children's Medicare Limited,FY24,ok,7.0,4.0,7.0,,,,,,0.5714285714285714
543524,Rainbow Children's Medicare Limited,FY25,ok,,,,,,,5.3,,
517334,SAMVARDHANA MOTHERSON INTERNATIONAL LIMITED,FY23,ok,,,,,,,,,
517334,SAMVARDHANA MOTHERSON INTERNATIONAL LIMITED,FY24,ok,,,,,,,,,
517334,SAMVARDHANA MOTHERSON INTERNATIONAL LIMITED,FY25,ok,,3.0,,,,,,,
543066,SBI Cards and Payment Services Limited,FY23,ok,9.0,5.0,13.0,,,,,,0.5555555555555556
543066,SBI Cards and Payment Services Limited,FY25,ok,,,,,,,,,
543066,SBI Cards and Payment Services Limited,FY24,ok,9.0,4.0,11.0,,,,,,0.4444444444444444
500387,SHREE CEMENT LIMITED,FY25,ok,,,,,,,,,
500387,SHREE CEMENT LIMITED,FY24,ok,,1.0,6.0,,,,,,
500387,SHREE CEMENT LIMITED,FY23,ok,,,,,,,,,
543299,SHYAM METALICS AND ENERGY LIMITED,FY23,ok,,,,,,,0.23,,
543299,SHYAM METALICS AND ENERGY LIMITED,FY25,ok,12.0,6.0,,,,,,,0.5
543299,SHYAM METALICS AND ENERGY LIMITED,FY24,ok,12.0,6.0,,,,,,,0.5
533206,SJVN Limited,FY23,ok,,,,,,,0.0049,,
533206,SJVN Limited,FY25,ok,12.0,6.0,,,,,173098.56,42500000.0,0.5
533206,SJVN Limited,FY24,ok,8.0,4.0,,,,,,,0.5
532784,SOBHA LIMITED,FY23,ok,,,,,,,16.7,,
532784,SOBHA LIMITED,FY25,ok,,,,,,,,,
532784,SOBHA LIMITED,FY24,ok,,,,,,,,,
532725,SOLAR INDUSTRIES INDIA LIMITED,FY23,ok,,,,,,,1.24,,
532725,SOLAR INDUSTRIES INDIA LIMITED,FY25,ok,,,,,,,1.52,,
532725,SOLAR INDUSTRIES INDIA LIMITED,FY24,ok,,,,,,,1.3,,
543300,SONA BLW PRECISION FORGINGS LIMITED,FY23,ok,,,,,,,,,
543300,SONA BLW PRECISION FORGINGS LIMITED,FY24,ok,,,,,,,,,
543300,SONA BLW PRECISION FORGINGS LIMITED,FY25,ok,,,,,,,,,
503806,SRF LIMITED,FY23,ok,,,,,,,0.82,,
503806,SRF LIMITED,FY24,ok,,7.0,,,,,0.9,,
503806,SRF LIMITED,FY25,ok,,,,,,,0.9,,
500113,STEEL AUTHORITY OF INDIA LIMITED,FY25,ok,,,,,,,3.35,0.45,
500113,STEEL AUTHORITY OF INDIA LIMITED,FY24,ok,,,12.0,,,,2.73,,
500113,STEEL AUTHORITY OF INDIA LIMITED,FY23,ok,,,11.0,,,,40.0,,
542920,SUMITOMO CHEMICAL INDIA LIMITED,FY23,ok,9.0,4.0,4.0,,,,0.00011000000000000002,,0.4444444444444444
542920,SUMITOMO CHEMICAL INDIA LIMITED,FY24,ok,9.0,4.0,5.0,,,,0.000126,,0.4444444444444444
542920,SUMITOMO CHEMICAL INDIA LIMITED,FY25,no_anchor,,,,,,,,,
500403,SUNDRAM FASTENERS LIMITED,FY23,ok,4.0,2.0,4.0,,,,1.18,,0.5
500403,SUNDRAM FASTENERS LIMITED,FY25,ok,,,,,0.0,,1.1,,
500403,SUNDRAM FASTENERS LIMITED,FY24,ok,,,,,,,1.09,,
543064,SUVEN PHARMACEUTICALS LIMITED,FY23,ok,,,4.0,,,,0.4186,,
543064,SUVEN PHARMACEUTICALS LIMITED,FY24,ok,8.0,6.0,9.0,,,,47.08,,0.75
543064,SUVEN PHARMACEUTICALS LIMITED,FY25,ok,,,,,,,0.68,,
504614,Sarda Energy & Minerals Limited,FY25,ok,,,,,,,0.35,,
504614,Sarda Energy & Minerals Limited,FY24,ok,11.0,8.0,5.0,,,,2.6000000000000002e-05,,0.7272727272727273
504614,Sarda Energy & Minerals Limited,FY23,ok,8.0,5.0,6.0,,0.0,,295.59,,0.625
505790,Schaeffler India Limited,FY23,ok,,,,,,,,,
505790,Schaeffler India Limited,FY24,ok,,3.0,,,,,,,
505790,Schaeffler India Limited,FY25,ok,,,,,,,,,
524715,Sun Pharmaceutical Industries Limited,FY25,ok,8.0,5.0,,,,,3.2609900000000005,,0.625
524715,Sun Pharmaceutical Industries Limited,FY24,ok,,,,,,,,,
524715,Sun Pharmaceutical Industries Limited,FY23,ok,,,,,,,0.17200000000000001,,
539268,Syngene International Limited,FY23,ok,,,,,,,,,
539268,Syngene International Limited,FY24,ok,,,,,,,,,
539268,Syngene International Limited,FY25,ok,,,,,,,28.0,,
543573,Syrma SGS Technology Limited,FY23,ok,9.0,5.0,7.0,,,,,,0.5555555555555556
543573,Syrma SGS Technology Limited,FY24,ok,,4.0,5.0,,,,,,
543573,Syrma SGS Technology Limited,FY25,ok,,,,,,,,,
500408,TATA ELXSI LIMITED,FY24,ok,,,,,,,,,
500408,TATA ELXSI LIMITED,FY25,ok,,,5.0,,,,,,
500408,TATA ELXSI LIMITED,FY23,ok,,,,,,,,,
500470,TATA STEEL LIMITED,FY25,ok,10.0,5.0,,,,,43170.46,,0.5
500470,TATA STEEL LIMITED,FY24,ok,10.0,5.0,,,,,46648.71,,0.5
500470,TATA STEEL LIMITED,FY23,ok,,,,,,,9.05,,
500469,THE FEDERAL BANK LIMITED,FY24,ok,,,,,,,,1453.8861000000002,
500469,THE FEDERAL BANK LIMITED,FY25,ok,11.0,7.0,,,,208262.04020000002,,208262.04020000002,0.6363636363636364
500469,THE FEDERAL BANK LIMITED,FY23,ok,,,,,,,,0.0,
500620,THE GREAT EASTERN SHIPPING COMPANY LIMITED,FY23,ok,13.0,7.0,,,,,,,0.5384615384615384
500620,THE GREAT EASTERN SHIPPING COMPANY LIMITED,FY25,ok,,,,,,,,,
500620,THE GREAT EASTERN SHIPPING COMPANY LIMITED,FY24,ok,15.0,9.0,,,,,,,0.6
540769,THE NEW INDIA ASSURANCE COMPANY LIMITED,FY23,ok,,,,,,,,,
540769,THE NEW INDIA ASSURANCE COMPANY LIMITED,FY25,no_anchor,,,,,,,,,
540769,THE NEW INDIA ASSURANCE COMPANY LIMITED,FY24,ok,,,,,,,,,
503100,THE PHOENIX MILLS LIMITED,FY23,ok,,,,,,,0.53,,
503100,THE PHOENIX MILLS LIMITED,FY24,ok,,,,,,,0.5845,,
503100,THE PHOENIX MILLS LIMITED,FY25,ok,,,,,,,,,
500260,THE RAMCO CEMENTS LIMITED,FY24,ok,,,,,,,70.0,,
500260,THE RAMCO CEMENTS LIMITED,FY25,ok,,,,,,,,,
500260,THE RAMCO CEMENTS LIMITED,FY23,ok,,,,,,,,,
500411,THERMAX LIMITED,FY25,ok,9.0,7.0,,,,,,,0.7777777777777778
500411,THERMAX LIMITED,FY24,ok,10.0,7.0,4.0,,,,,,0.7
500411,THERMAX LIMITED,FY23,ok,,,,,,250.0,173.72,250.0,
522113,TIMKEN INDIA LIMITED,FY23,ok,,,,,,,,,
522113,TIMKEN INDIA LIMITED,FY25,ok,7.0,4.0,6.0,,,,4.04,1.7572,0.5714285714285714
522113,TIMKEN INDIA LIMITED,FY24,ok,,,,,,,3.28,164.56,
521064,TRIDENT LIMITED,FY23,ok,,,,,,,,,
521064,TRIDENT LIMITED,FY24,ok,,,,,,,0.0021300000000000004,,
521064,TRIDENT LIMITED,FY25,ok,,,,,,,,,
533655,TRIVENI TURBINE LIMITED,FY24,ok,,,,,,,6.11,,
533655,TRIVENI TURBINE LIMITED,FY25,ok,,,,,,,6.73,,
533655,TRIVENI TURBINE LIMITED,FY23,ok,10.0,5.0,6.0,,,,4.65,345.16,0.5
520056,TVS Holdings Limited,FY24,ok,,,,,,,,,
520056,TVS Holdings Limited,FY25,ok,8.0,4.0,,,,,,,0.5
520056,TVS Holdings Limited,FY23,ok,9.0,3.0,,,,,,,0.3333333333333333
500770,Tata Chemicals Limited,FY25,ok,,,,,,,3.0,,
500770,Tata Chemicals Limited,FY24,ok,,3.0,8.0,,,,,,
500770,Tata Chemicals Limited,FY23,ok,9.0,5.0,6.0,,,,,,0.5555555555555556
500800,Tata Consumer Products Limited,FY25,ok,,,,,,,,,
500800,Tata Consumer Products Limited,FY24,ok,9.0,5.0,,,,,,,0.5555555555555556
500800,Tata Consumer Products Limited,FY23,ok,,,4.0,,,,5000.0,,
501301,Tata Investment Corporation Limited,FY23,ok,,,,,,,0.21050000000000002,,
501301,Tata Investment Corporation Limited,FY24,ok,,,,,,,6.51,,
501301,Tata Investment Corporation Limited,FY25,ok,,,,,,,,,
500570,Tata Motors Limited,FY23,ok,,,,,,,5.37,,
500570,Tata Motors Limited,FY24,ok,,,8.0,,,,108.8,,
500570,Tata Motors Limited,FY25,ok,9.0,7.0,,,,,125.0,,0.7777777777777778
542141,Techno Electric and Engineering Company Limited,FY25,ok,11.0,6.0,,,,,,,0.5454545454545454
542141,Techno Electric and Engineering Company Limited,FY24,ok,,,,,,,0.633,,
542141,Techno Electric and Engineering Company Limited,FY23,ok,8.0,5.0,5.0,,,,,,0.625
500850,The Indian Hotels Company Limited,FY23,ok,,,,,,,,,
500850,The Indian Hotels Company Limited,FY25,ok,,,,,,,,,
500850,The Indian Hotels Company Limited,FY24,ok,,,,,,,,99.56,
509930,The Supreme Industries Limited,FY23,ok,,,,,,,0.72,,
509930,The Supreme Industries Limited,FY24,ok,,,,,0.0,,0.82,,
509930,The Supreme Industries Limited,FY25,ok,,,,,,,0.83,,
500400,The Tata Power Company Limited,FY23,ok,10.0,5.0,,,,,7.34,,0.5
500400,The Tata Power Company Limited,FY25,ok,,,,,,,8.17,0.0,
500400,The Tata Power Company Limited,FY24,ok,,,,,,,7.37,,
500420,Torrent Pharmaceuticals Limited,FY23,ok,10.0,6.0,7.0,,,,,,0.6
500420,Torrent Pharmaceuticals Limited,FY25,ok,8.0,5.0,6.0,,,,,,0.625
500420,Torrent Pharmaceuticals Limited,FY24,ok,11.0,7.0,5.0,,,,,,0.6363636363636364
532505,UCO BANK,FY25,llm_failed: json_decode_error: Expecting property name enclosed in double quotes: line 11 column 4 (char 163),,,,,,,,,
532505,UCO BANK,FY24,"llm_failed: json_decode_error: Expecting ',' delimiter: line 21 column 1 (char 466)",,,,,,,,,
532505,UCO BANK,FY23,llm_failed: json_decode_error: Unterminated string starting at: line 18 column 5 (char 1302),,,,,,,,,
532477,UNIONBANK,FY24,ok,,3.0,,,,,,,
532477,UNIONBANK,FY25,no_anchor,,,,,,,,,
532477,UNIONBANK,FY23,ok,,,,,,,,607809.4194,
532478,UNITED BREWERIES LIMITED,FY25,no_anchor,,,,,,,,,
532478,UNITED BREWERIES LIMITED,FY24,ok,,,,,,,,,
532478,UNITED BREWERIES LIMITED,FY23,ok,,6.0,,,,,2.23,,
512070,UPL LIMITED,FY25,no_anchor,,,,,,,,,
512070,UPL LIMITED,FY24,ok,,,,,,,,,
512070,UPL LIMITED,FY23,ok,,,,,0.0,,,,
543238,UTI Asset Management Company Limited,FY23,ok,,,,,,,357.28,,
543238,UTI Asset Management Company Limited,FY24,ok,,7.0,,,,,368.35,,
543238,UTI Asset Management Company Limited,FY25,ok,,,,,,,179.68,,
532432,United Spirits Limited,FY25,ok,,,,,,,,12053.649875000001,
532432,United Spirits Limited,FY24,ok,,,,,,,70000000.0,,
532432,United Spirits Limited,FY23,ok,,5.0,6.0,,,,1.029578,,
532953,V-GUARD INDUSTRIES LIMITED,FY24,ok,,,,,,,,,
532953,V-GUARD INDUSTRIES LIMITED,FY25,ok,,4.0,,,,,,,
532953,V-GUARD INDUSTRIES LIMITED,FY23,ok,,,,,,,,,
540180,VARUN BEVERAGES LIMITED,FY23,ok,,,,,,,,,
540180,VARUN BEVERAGES LIMITED,FY24,ok,,,,,,,,,
540180,VARUN BEVERAGES LIMITED,FY25,ok,,,,,,,,,
543463,VEDANT FASHIONS LIMITED,FY25,ok,6.0,3.0,,,,,4.93,,0.5
543463,VEDANT FASHIONS LIMITED,FY24,ok,6.0,3.0,,,,,0.000447,,0.5
543463,VEDANT FASHIONS LIMITED,FY23,ok,,,,,0.0,,,,
524200,VINATI ORGANICS LIMITED,FY23,ok,,,,,,,150.0,,
524200,VINATI ORGANICS LIMITED,FY24,ok,,3.0,4.0,,,,0.015000000000000001,,
524200,VINATI ORGANICS LIMITED,FY25,ok,,,,,,,0.15,,
500575,VOLTAS LIMITED,FY24,ok,11.0,6.0,,,,,2.67,,0.5454545454545454
500575,VOLTAS LIMITED,FY25,ok,,,,,,,2.92,,
500575,VOLTAS LIMITED,FY23,ok,9.0,5.0,,,,,4.68,,0.5555555555555556
500295,Vedanta Limited,FY23,ok,,,,,,,11.0,,
500295,Vedanta Limited,FY25,ok,,,,,,,4.0,,
500295,Vedanta Limited,FY24,ok,,,,,,21262.0,,,
532822,Vodafone Idea Limited,FY23,ok,,,,,,,,,
532822,Vodafone Idea Limited,FY24,ok,,,,,,,0.08560000000000001,,
532822,Vodafone Idea Limited,FY25,ok,12.0,6.0,13.0,,,,,,0.5
500238,Whirlpool of India Limited,FY25,ok,,,4.0,,,1.23,,,
500238,Whirlpool of India Limited,FY24,ok,,,,,,,,,
500238,Whirlpool of India Limited,FY23,ok,,,4.0,,0.0,,57.33,,
507685,Wipro Limited,FY23,ok,,,,,66.0,,,,
507685,Wipro Limited,FY25,ok,,,,,,,97.0,,
507685,Wipro Limited,FY24,ok,,,,,,0.0,135.6,1.8799000000000001,
532300,Wockhardt Limited,FY23,ok,10.0,6.0,6.0,,48.27,,1.0,,0.6
532300,Wockhardt Limited,FY25,ok,8.0,5.0,4.0,,,,,,0.625
532300,Wockhardt Limited,FY24,ok,8.0,5.0,5.0,,0.0,,29.0,,0.625
532648,YES BANK LIMITED,FY24,ok,13.0,6.0,,,,,,796957.2249,0.46153846153846156
532648,YES BANK LIMITED,FY25,ok,,,,,,,,1190235.9809,
532648,YES BANK LIMITED,FY23,ok,,,,,,,,661385.4796000001,
533023,ZF COMMERCIAL VEHICLE CONTROL SYSTEMS INDIA LIMITED,FY24,ok,,4.0,5.0,80.71,,,53.3007,,
533023,ZF COMMERCIAL VEHICLE CONTROL SYSTEMS INDIA LIMITED,FY25,ok,,,,,81.0,,0.554,,
533023,ZF COMMERCIAL VEHICLE CONTROL SYSTEMS INDIA LIMITED,FY23,ok,6.0,4.0,6.0,,,,0.596673,,0.6666666666666666
543320,ZOMATO LIMITED,FY23,ok,,,8.0,,,,,,
543320,ZOMATO LIMITED,FY24,ok,7.0,5.0,,,,,2.0,,0.7142857142857143
543320,ZOMATO LIMITED,FY25,ok,,4.0,7.0,,,,2.0,,
532321,ZYDUS LIFESCIENCES LIMITED,FY23,ok,,,,,,,0.0017000000000000001,,
532321,ZYDUS LIFESCIENCES LIMITED,FY24,ok,,,,,,,0.0017000000000000001,,
532321,ZYDUS LIFESCIENCES LIMITED,FY25,ok,,,,,,,0.0018000000000000002,,
